{
	"ImportPath": "k8s.io/code-generator",
	"GoVersion": "unknown",
	"GodepVersion": "gen-godeps",
	"Packages": [
		"./..."
	],
	"Deps": [
		{
			"ImportPath": "github.com/BurntSushi/xgb",
			"Rev": "27f122750802"
		},
		{
			"ImportPath": "github.com/gogo/protobuf",
			"Rev": "342cbe0a0415"
		},
		{
			"ImportPath": "github.com/remyoudompheng/bigfft",
			"Rev": "52369c62f446"
		},
		{
			"ImportPath": "github.com/spf13/pflag",
			"Rev": "v1.0.1"
		},
		{
			"ImportPath": "golang.org/x/exp",
			"Rev": "4b39c73a6495"
		},
		{
			"ImportPath": "golang.org/x/image",
			"Rev": "0694c2d4d067"
		},
		{
			"ImportPath": "golang.org/x/mobile",
			"Rev": "d3739f865fa6"
		},
		{
			"ImportPath": "golang.org/x/sys",
			"Rev": "3b5209105503"
		},
		{
			"ImportPath": "golang.org/x/text",
			"Rev": "v0.3.0"
		},
		{
			"ImportPath": "golang.org/x/tools",
			"Rev": "aa82965741a9"
		},
		{
			"ImportPath": "gonum.org/v1/gonum",
			"Rev": "3d26580ed485"
		},
		{
			"ImportPath": "gonum.org/v1/netlib",
			"Rev": "76723241ea4e"
		},
		{
			"ImportPath": "k8s.io/gengo",
			"Rev": "f8a0810f38af"
		},
		{
			"ImportPath": "k8s.io/klog",
			"Rev": "v0.3.2"
		},
		{
			"ImportPath": "modernc.org/cc",
			"Rev": "v1.0.0"
		},
		{
			"ImportPath": "modernc.org/golex",
			"Rev": "v1.0.0"
		},
		{
			"ImportPath": "modernc.org/mathutil",
			"Rev": "v1.0.0"
		},
		{
			"ImportPath": "modernc.org/strutil",
			"Rev": "v1.0.0"
		},
		{
			"ImportPath": "modernc.org/xc",
			"Rev": "v1.0.0"
		}
	]
}